time,latitude,longitude,depth,mag,magType,nst,gap,dmin,rms,net,id,updated,place,type,horizontalError,depthError,magError,magNst,status,locationSource,magSource
2020-12-12T03:08:43.400Z,60.1534,-152.6055,86.5,1.9,ml,,,,0.9,ak,ak020fxxbj8x,2020-12-12T03:23:49.142Z,"53 km WNW of Ninilchik, Alaska",earthquake,,0.5,,,automatic,ak,ak
2020-12-12T03:07:41.376Z,60.4574,-151.3905,57.5,1.8,ml,,,,0.58,ak,ak020fxxbbdz,2020-12-12T03:14:17.573Z,"7 km NW of Kalifornsky, Alaska",earthquake,,0.8,,,automatic,ak,ak
2020-12-12T02:59:54.690Z,38.8223343,-122.7941666,2.39,1.35,md,27,56,0.01389,0.04,nc,nc73496700,2020-12-12T03:14:05.362Z,"6km NNW of The Geysers, CA",earthquake,0.22,0.42,0.12,7,automatic,nc,nc
2020-12-12T02:36:19.335Z,62.7802,-149.004,58.9,1.9,ml,,,,0.81,ak,ak020fxww1ue,2020-12-12T02:42:43.558Z,"67 km ENE of Chase, Alaska",earthquake,,0.5,,,automatic,ak,ak
2020-12-12T02:24:10.558Z,5.8213,-77.8505,10,4.9,mww,,109,2.337,1.34,us,us7000cqgq,2020-12-12T02:43:27.040Z,"near the west coast of Colombia",earthquake,6.8,1.9,0.086,13,reviewed,us,us
2020-12-12T02:02:44.652Z,60.1049,-152.5792,87.3,2,ml,,,,0.88,ak,ak020fxwotfb,2020-12-12T02:10:39.724Z,"50 km WNW of Happy Valley, Alaska",earthquake,,0.6,,,automatic,ak,ak
2020-12-12T01:59:32.630Z,19.412,-155.240166666667,2.41,0.6,md,18,68,,0.09,hv,hv72276942,2020-12-12T03:25:44.240Z,"3 km S of Volcano, Hawaii",earthquake,0.27,0.27,0.0276652373668486,4,reviewed,hv,hv
2020-12-12T01:47:07.885Z,61.4412,-151.557,78.5,2,ml,,,,0.57,ak,ak020fxwcy89,2020-12-12T02:05:38.638Z,"42 km NW of Beluga, Alaska",earthquake,,0.8,,,automatic,ak,ak
2020-12-12T01:10:54.640Z,35.895,-117.6983333,4.28,0.93,ml,13,88,0.06559,0.11,ci,ci39727848,2020-12-12T01:14:23.403Z,"19km ESE of Little Lake, CA",earthquake,0.22,0.49,0.174,11,automatic,ci,ci
2020-12-12T01:07:29.475Z,7.8971,-72.6649,190.36,4.5,mb,,41,2.034,1.01,us,us7000cqgi,2020-12-12T01:25:01.040Z,"4 km WNW of San Cayetano, Colombia",earthquake,8.4,7.7,0.028,368,reviewed,us,us
2020-12-12T00:47:25.770Z,35.7123333,-117.4996667,2.42,0.67,ml,9,146,0.1303,0.16,ci,ci39727832,2020-12-12T00:51:11.816Z,"11km SW of Searles Valley, CA",earthquake,0.6,0.74,0.069,8,automatic,ci,ci
2020-12-12T00:45:45.440Z,33.048,-116.3896667,4.54,1.14,ml,38,65,0.118,0.24,ci,ci39727824,2020-12-12T00:49:33.203Z,"20km E of Julian, CA",earthquake,0.38,1.44,0.11,27,automatic,ci,ci
2020-12-12T00:36:41.440Z,19.2215003967285,-155.382659912109,29.8700008392334,1.96,ml,44,155,,0.129999995,hv,hv72276807,2020-12-12T00:42:12.520Z,"10 km ENE of Pāhala, Hawaii",earthquake,0.53,0.970000029,0.12,3,automatic,hv,hv
2020-12-12T00:23:22.730Z,38.8113327,-122.8203354,2.29,0.57,md,19,57,0.007334,0.03,nc,nc73496680,2020-12-12T02:14:04.965Z,"7km NW of The Geysers, CA",earthquake,0.22,0.46,,1,automatic,nc,nc
2020-12-12T00:16:03.510Z,19.3976666666667,-155.262,1.54,1.93,ml,27,44,,0.08,hv,hv72276777,2020-12-12T00:36:32.860Z,"5 km SSW of Volcano, Hawaii",earthquake,0.16,0.15,0.15811600224211,13,reviewed,hv,hv
2020-12-12T00:06:30.910Z,35.8636667,-117.6996667,6.57,1.04,ml,18,53,0.07637,0.1,ci,ci39727816,2020-12-12T00:35:52.115Z,"20km ESE of Little Lake, CA",earthquake,0.16,0.42,0.113,14,reviewed,ci,ci
2020-12-12T00:04:23.859Z,58.7307,-137.8453,0,2.3,ml,,,,0.92,ak,ak020fxvic23,2020-12-12T00:47:18.434Z,"106 km WNW of Elfin Cove, Alaska",earthquake,,0.3,,,automatic,ak,ak
2020-12-11T23:53:36.190Z,38.1363,-117.9977,7.2,1.8,ml,18,94.5,0.045,0.07,nn,nn00791389,2020-12-12T00:02:40.830Z,"29 km SSE of Mina, Nevada",earthquake,,0.8,,,automatic,nn,nn
2020-12-11T23:50:20.320Z,19.3568333333333,-155.206833333333,0.7,0.67,md,11,123,,0.08,hv,hv72276737,2020-12-12T00:36:51.440Z,"9 km SSE of Volcano, Hawaii",earthquake,0.25,0.38,0.0723871744917882,5,reviewed,hv,hv
2020-12-11T23:49:25.990Z,38.1337,-118.009,8.1,1.2,ml,17,176.21,0.044,0.04,nn,nn00791385,2020-12-11T23:54:18.392Z,"29 km SSE of Mina, Nevada",earthquake,,0.9,,,automatic,nn,nn
2020-12-11T23:42:51.160Z,38.1552,-117.9092,6.7,1.1,ml,16,83.8,0.024,0.18,nn,nn00791382,2020-12-11T23:50:38.725Z,"31 km SSE of Mina, Nevada",earthquake,,1.1,,,automatic,nn,nn
2020-12-11T23:24:14.670Z,19.3998333333333,-155.266,1.09,0.42,md,12,66,,0.08,hv,hv72276697,2020-12-11T23:53:10.580Z,"5 km SW of Volcano, Hawaii",earthquake,0.18,0.37,0.0384401622838744,3,reviewed,hv,hv
2020-12-11T23:16:02.960Z,35.9813347,-120.9281693,10.44,2.25,md,34,116,0.05368,0.09,nc,nc73496670,2020-12-12T01:20:07.622Z,"5km SSW of San Ardo, CA",earthquake,0.35,0.5,0.25,27,automatic,nc,nc
2020-12-11T23:13:51.975Z,62.2435,-149.6557,48.1,1.7,ml,,,,0.62,ak,ak020fwlpy3h,2020-12-11T23:54:08.504Z,"13 km NE of Susitna North, Alaska",earthquake,,0.8,,,automatic,ak,ak
2020-12-11T23:13:19.680Z,33.3436667,-117.142,-0.44,0.97,ml,32,61,0.06063,0.26,ci,ci39727760,2020-12-11T23:37:57.712Z,"6km WSW of Pala, CA",quarry blast,0.38,31.61,0.224,16,reviewed,ci,ci
2020-12-11T23:08:26.840Z,61.6227,-149.9319,34.9,1.5,ml,,,,0.62,ak,ak020fwlotks,2020-12-11T23:16:44.160Z,"6 km W of Houston, Alaska",earthquake,,0.3,,,automatic,ak,ak
2020-12-11T22:51:30.250Z,17.9825,-66.7453,14,2.28,md,10,203,0.1516,0.2,pr,pr2020346020,2020-12-11T23:12:50.168Z,"3 km WSW of Tallaboa, Puerto Rico",earthquake,1.34,0.83,0.21,7,reviewed,pr,pr
2020-12-11T22:45:10.700Z,17.9983,-66.7476,13,2.26,md,10,194,0.1482,0.2,pr,pr2020346021,2020-12-11T23:42:32.300Z,"3 km SE of Magas Arriba, Puerto Rico",earthquake,1.04,0.44,0.32,8,reviewed,pr,pr
2020-12-11T22:35:44.190Z,38.174,-118.082,2.8,0.9,ml,12,150.73,0.023,0.09,nn,nn00791376,2020-12-11T22:51:16.844Z,"24 km S of Mina, Nevada",earthquake,,10.7,,,automatic,nn,nn
2020-12-11T22:35:07.540Z,17.9658,-66.9836,8,2.31,md,7,197,0.0607,0.12,pr,pr2020346019,2020-12-11T22:51:09.121Z,"6 km E of La Parguera, Puerto Rico",earthquake,0.45,0.81,0.07,5,reviewed,pr,pr
2020-12-11T22:29:29.630Z,39.3065,-120.1299,0,0,ml,3,155.47,0.099,0.0358,nn,nn00791392,2020-12-12T02:31:18.299Z,"5 km ESE of Truckee, California",earthquake,,0,0,1,reviewed,nn,nn
2020-12-11T22:28:03.930Z,38.7216667,-123.511,1.43,1.61,md,7,276,0.1121,0.05,nc,nc73496655,2020-12-12T00:37:04.336Z,"5km W of Sea Ranch, CA",earthquake,0.62,31.61,0.146,8,reviewed,nc,nc
2020-12-11T22:25:11.199Z,66.123,-157.1255,6.3,2.4,ml,,,,1.27,ak,ak020fwl6zxr,2020-12-11T22:39:09.704Z,"57 km NW of Huslia, Alaska",earthquake,,0.2,,,automatic,ak,ak
2020-12-11T22:16:33.500Z,32.8868333,-115.7731667,8.69,1.53,ml,26,97,0.05225,0.19,ci,ci39727736,2020-12-11T23:08:07.860Z,"20km WNW of Imperial, CA",earthquake,0.32,0.56,0.202,20,reviewed,ci,ci
2020-12-11T22:11:43.750Z,19.4968333333333,-155.493,3.31,1.03,md,15,77,,0.08,hv,hv72276607,2020-12-12T02:09:02.270Z,"27 km WNW of Volcano, Hawaii",earthquake,0.34,0.98,0.133771975428643,8,reviewed,hv,hv
2020-12-11T22:11:38.392Z,-19.2787,-70.2189,51.3,4.5,mwr,,126,0.715,1.4,us,us7000cqet,2020-12-11T22:49:22.331Z,"89 km S of Arica, Chile",earthquake,5.9,5.9,0.047,44,reviewed,us,us
2020-12-11T22:09:35.944Z,60.5411,-147.6698,14.4,2.2,ml,,,,0.62,ak,ak020fwl3mdy,2020-12-11T22:14:22.844Z,"56 km NNE of Chenega, Alaska",earthquake,,0.4,,,automatic,ak,ak
2020-12-11T21:49:19.250Z,38.8305016,-122.8181686,1.85,1.05,md,27,49,0.009504,0.03,nc,nc73496650,2020-12-11T22:04:06.399Z,"8km NW of The Geysers, CA",earthquake,0.17,0.31,0.16,5,automatic,nc,nc
2020-12-11T21:39:58.600Z,33.4871667,-116.7956667,4.64,1.23,ml,53,32,0.02544,0.16,ci,ci39727712,2020-12-11T23:03:01.530Z,"8km NE of Aguanga, CA",earthquake,0.13,0.28,0.1,26,reviewed,ci,ci
2020-12-11T21:28:41.100Z,38.2302,-117.686,1.3,1.2,ml,14,191.2,0.027,0.14,nn,nn00791363,2020-12-11T21:34:37.186Z,"41 km ESE of Mina, Nevada",earthquake,,11.2,,,automatic,nn,nn
2020-12-11T21:13:16.940Z,38.1408,-118.1017,1.2,0.9,ml,18,127.93,0.029,0.3,nn,nn00791359,2020-12-11T21:17:18.742Z,"27 km S of Mina, Nevada",earthquake,,15.3,,,automatic,nn,nn
2020-12-11T21:12:07.580Z,33.4875,-116.7935,4.31,1.39,ml,52,32,0.02546,0.19,ci,ci39727688,2020-12-11T21:54:32.950Z,"8km NE of Aguanga, CA",earthquake,0.19,0.44,0.207,26,reviewed,ci,ci
2020-12-11T21:09:59.040Z,19.2151,-66.5923,26,3.19,md,10,280,0.8834,0.24,pr,pr2020346017,2020-12-11T21:40:11.407Z,"83 km N of Arecibo, Puerto Rico",earthquake,1.19,15.6,0.05,7,reviewed,pr,pr
2020-12-11T21:09:21.367Z,61.4589,-140.6989,9.3,1.5,ml,,,,0.35,ak,ak020fwki5ns,2020-12-11T22:04:01.365Z,"118 km E of McCarthy, Alaska",earthquake,,0.4,,,automatic,ak,ak
2020-12-11T21:00:53.430Z,33.8661667,-117.5048333,4.05,1.07,ml,23,51,0.04775,0.15,ci,ci39727672,2020-12-11T22:05:45.261Z,"2km SE of Home Gardens, CA",quarry blast,0.38,0.75,0.154,19,reviewed,ci,ci
2020-12-11T21:00:43.030Z,32.8203333,-117.0648333,-0.11,0.73,ml,22,109,0.07152,0.24,ci,ci39727664,2020-12-11T21:57:41.810Z,"7km NNW of La Mesa, CA",quarry blast,0.67,31.61,0.147,3,reviewed,ci,ci
2020-12-11T20:50:28.440Z,19.1461,-66.6221,19,3.21,md,10,288,0.8103,0.32,pr,pr2020346018,2020-12-11T21:40:23.927Z,"75 km N of Arecibo, Puerto Rico",earthquake,5.67,11.25,0.11,7,reviewed,pr,pr
2020-12-11T20:47:53.874Z,27.4458,54.0772,10,4.7,mb,,47,3.138,0.72,us,us7000cqdz,2020-12-11T22:57:54.040Z,"25 km SSW of Gerāsh, Iran",earthquake,6.6,1.8,0.048,142,reviewed,us,us
2020-12-11T20:39:00.780Z,38.1355,-117.8295,4.9,1.3,ml,13,104.51,0.031,0.21,nn,nn00791356,2020-12-11T21:12:00.053Z,"37 km SE of Mina, Nevada",earthquake,,1,,,automatic,nn,nn
2020-12-11T20:31:41.093Z,61.0264,-152.3927,105.8,1.8,ml,,,,0.68,ak,ak020fwk1hbf,2020-12-11T22:28:14.690Z,"68 km W of Tyonek, Alaska",earthquake,,0.5,,,reviewed,ak,ak
2020-12-11T20:18:16.360Z,44.6971667,-111.8741667,13.83,1.16,ml,13,120,0.152,0.06,mb,mb80479244,2020-12-11T20:50:27.170Z,"44 km NNE of Spencer, Idaho",earthquake,0.35,0.58,0.11,6,reviewed,mb,mb
2020-12-11T20:17:24.020Z,38.1502,-118.0715,8.1,1.5,ml,16,127.9,0.092,0.08,nn,nn00791353,2020-12-11T20:39:59.035Z,"26 km S of Mina, Nevada",earthquake,,1.4,,,automatic,nn,nn
2020-12-11T20:15:20.540Z,33.8126667,-116.8826667,13.87,0.83,ml,39,40,0.07111,0.14,ci,ci39727640,2020-12-11T21:52:46.463Z,"7km N of Valle Vista, CA",earthquake,0.18,0.42,0.125,18,reviewed,ci,ci
2020-12-11T20:13:48.110Z,17.98,-66.991,10,2.08,md,12,178,0.0543,0.3,pr,pr2020346016,2020-12-11T20:43:55.132Z,"5 km E of La Parguera, Puerto Rico",earthquake,0.83,0.76,0.34,6,reviewed,pr,pr
2020-12-11T20:07:28.450Z,38.7983322,-122.754837,4.52,0.72,md,10,93,0.004444,0.02,nc,nc73496620,2020-12-11T22:20:10.490Z,"2km N of The Geysers, CA",earthquake,0.42,1.71,,1,automatic,nc,nc
2020-12-11T19:52:11.660Z,33.4945,-116.7945,4.62,0.55,ml,32,35,0.01848,0.11,ci,ci39727616,2020-12-11T21:43:54.302Z,"9km NE of Aguanga, CA",earthquake,0.13,0.24,0.09,15,reviewed,ci,ci
2020-12-11T19:50:27.430Z,35.6135,-117.59,9.39,1.27,ml,24,74,0.07812,0.14,ci,ci39727608,2020-12-11T21:37:20.667Z,"8km E of Ridgecrest, CA",earthquake,0.21,0.61,0.224,16,reviewed,ci,ci
2020-12-11T19:47:29.784Z,61.2979,-150.2488,53,1.6,ml,,,,0.31,ak,ak020fwjjgb6,2020-12-11T20:03:44.141Z,"16 km WSW of Point MacKenzie, Alaska",earthquake,,0.6,,,automatic,ak,ak
2020-12-11T19:45:24.630Z,35.0813333,-118.7236667,9.61,1.22,ml,9,95,0.05644,0.12,ci,ci39727600,2020-12-11T21:20:59.401Z,"17km SE of Arvin, CA",earthquake,0.41,1.15,0.052,2,reviewed,ci,ci
2020-12-11T19:40:58.950Z,61.3183333333333,-152.253,-0.18,0.02,ml,7,148,,0.05,av,av91014678,2020-12-12T01:44:21.820Z,"65 km WNW of Beluga, Alaska",earthquake,0.26,2.46,0.237493900756094,8,reviewed,av,av
2020-12-11T19:40:31.045Z,44.5836,-115.2262,10.01,3.6,ml,,30,0.417,0.6,us,us7000cqdb,2020-12-12T03:19:11.521Z,"46 km NNW of Stanley, Idaho",earthquake,1,10.4,0.031,136,reviewed,us,us
2020-12-11T19:33:32.090Z,38.1435,-118.0627,5.5,1.3,ml,16,143.54,0.024,0.1,nn,nn00791349,2020-12-11T20:00:41.415Z,"27 km S of Mina, Nevada",earthquake,,1.3,,,automatic,nn,nn
2020-12-11T19:32:09.610Z,38.1748,-117.8927,12.1,0.8,ml,13,112.06,0.02,0.08,nn,nn00791347,2020-12-11T19:35:36.817Z,"30 km SE of Mina, Nevada",earthquake,,2.1,,,automatic,nn,nn
2020-12-11T19:26:14.910Z,39.212,-123.449,6.32,0.85,md,4,186,0.08008,0.08,nc,nc73496610,2020-12-11T23:56:14.095Z,"22km WNW of Ukiah, CA",earthquake,0.68,1.52,0.065,4,reviewed,nc,nc
2020-12-11T19:25:38.090Z,33.4248333,-116.9223333,8.59,1.22,ml,40,31,0.08683,0.22,ci,ci39727560,2020-12-11T19:46:44.050Z,"6km WSW of Aguanga, CA",earthquake,0.23,0.94,0.154,27,reviewed,ci,ci
2020-12-11T19:25:36.910Z,36.0131667,-117.7243333,2.26,0.88,ml,15,59,0.03529,0.06,ci,ci39727568,2020-12-11T20:08:18.739Z,"18km ENE of Little Lake, CA",earthquake,0.1,0.14,0.165,5,reviewed,ci,ci
2020-12-11T19:22:10.340Z,53.8645,-166.745333333333,6.1,-0.34,ml,7,89,,0.15,av,av91014673,2020-12-12T00:55:37.880Z,"13 km WSW of Dutch Harbor, Alaska",earthquake,0.4,0.94,0.280891400043487,7,reviewed,av,av
2020-12-11T19:12:33.390Z,38.8419991,-122.8773346,1.97,0.83,md,19,90,0.006087,0.03,nc,nc73496605,2020-12-11T21:53:05.340Z,"13km NW of The Geysers, CA",earthquake,0.27,0.46,0.07,3,automatic,nc,nc
2020-12-11T19:12:07.250Z,36.6972,-115.5483,6.8,0.7,ml,11,305.8,0.307,0.11,nn,nn00791346,2020-12-11T19:23:36.122Z,"17 km NE of Indian Springs, Nevada",earthquake,,12.2,,,automatic,nn,nn
2020-12-11T19:09:33.170Z,35.7731667,-117.5793333,6.94,0.92,ml,16,81,0.04498,0.13,ci,ci39727544,2020-12-11T19:46:03.619Z,"16km W of Searles Valley, CA",earthquake,0.33,0.57,0.233,9,reviewed,ci,ci
2020-12-11T19:05:32.230Z,33.8381667,-117.4968333,-0.49,1.55,ml,63,34,0.04784,0.23,ci,ci39727536,2020-12-11T20:01:42.813Z,"5km SSE of Home Gardens, CA",quarry blast,0.26,31.61,0.177,41,reviewed,ci,ci
2020-12-11T18:55:35.040Z,33.4101667,-116.3756667,11.26,0.96,ml,43,63,0.07299,0.2,ci,ci39727528,2020-12-11T19:45:10.575Z,"17km N of Borrego Springs, CA",earthquake,0.23,0.6,0.17,19,reviewed,ci,ci
2020-12-11T18:52:55.410Z,38.8196678,-122.7903366,3.25,0.25,md,13,70,0.01586,0.01,nc,nc73496600,2020-12-11T21:26:06.168Z,"6km NNW of The Geysers, CA",earthquake,0.32,0.63,,1,automatic,nc,nc
2020-12-11T18:51:33.030Z,19.4346666666667,-154.880666666667,6.12,2.32,ml,42,281,,0.15,hv,hv72276312,2020-12-11T21:58:11.500Z,"Hawaii region, Hawaii",earthquake,0.86,0.5,0.116477414514102,10,reviewed,hv,hv
2020-12-11T18:48:36.500Z,37.9428,-117.9933,0.2,1.1,ml,15,152.63,0.13,0.17,nn,nn00791342,2020-12-11T18:52:37.145Z,"31 km NNE of Dyer, Nevada",earthquake,,16,,,automatic,nn,nn
2020-12-11T18:42:30.429Z,36.3995,-97.82883333,7,1.75,ml,47,40,0.1628680397,0.18,ok,ok2020yhtp,2020-12-11T23:21:10.067Z,"4 km E of Enid, Oklahoma",earthquake,,0.4,0.21,5,reviewed,ok,ok
2020-12-11T18:41:03.441Z,63.0891,-151.4856,0,2,ml,,,,0.84,ak,ak020fwiwodn,2020-12-11T18:45:53.802Z,"51 km SSE of Denali National Park, Alaska",earthquake,,0.4,,,automatic,ak,ak
2020-12-11T18:39:23.310Z,37.638,-118.8308333,5.24,0.87,md,8,161,0.004003,0.02,nc,nc73496595,2020-12-11T19:03:09.647Z,"13km E of Mammoth Lakes, CA",earthquake,0.78,31.61,0.159,7,reviewed,nc,nc
2020-12-11T18:36:43.906Z,38.1859,-117.7587,10.6,2.7,ml,27,69.87,0.043,0.1223,nn,nn00791335,2020-12-12T02:31:06.017Z,"38 km SE of Mina, Nevada",earthquake,,0.7,0.27,12,reviewed,nn,nn
2020-12-11T18:36:16.920Z,46.79,-121.959666666667,9.46,1.22,ml,24,95,0.05227,0.11,uw,uw61705126,2020-12-11T19:44:18.220Z,"6 km ENE of Ashford, Washington",earthquake,0.33,0.47,0.123418651894722,9,reviewed,uw,uw
2020-12-11T18:35:46.511Z,69.4761,-143.9568,14.5,3.1,ml,,,,0.46,ak,ak020fwivh7c,2020-12-12T02:38:12.700Z,"74 km S of Kaktovik, Alaska",earthquake,,1.5,,,reviewed,ak,ak
2020-12-11T18:34:03.600Z,53.8705,-166.7445,6.05,-1,ml,4,112,,0.04,av,av91014668,2020-12-12T00:48:11.590Z,"13 km W of Dutch Harbor, Alaska",earthquake,0.54,1.02,0.0350340961813325,4,reviewed,av,av
2020-12-11T18:33:54.950Z,37.6445,-118.8183333,7.03,1.47,md,23,79,0.01538,0.06,nc,nc73496585,2020-12-11T23:29:03.927Z,"14km E of Mammoth Lakes, CA",earthquake,0.36,0.29,0.241,22,reviewed,nc,nc
2020-12-11T18:28:09.810Z,19.1888332366943,-155.479995727539,30.2600002288818,2.31,ml,50,80,,0.119999997,hv,hv72276287,2020-12-11T18:33:41.900Z,"1 km S of Pāhala, Hawaii",earthquake,0.49,0.649999976,1.02,5,automatic,hv,hv
2020-12-11T18:24:18.578Z,60.4057,-151.1423,33.7,1.8,ml,,,,0.65,ak,ak020fwit2dd,2020-12-11T18:41:03.028Z,"8 km E of Kalifornsky, Alaska",earthquake,,0.4,,,automatic,ak,ak
2020-12-11T18:15:10.690Z,19.166166305542,-155.469497680664,33.7299995422363,2.00999999,md,40,163,,0.119999997,hv,hv72276267,2020-12-11T18:18:17.060Z,"4 km SSE of Pāhala, Hawaii",earthquake,0.59,0.720000029,1.75,6,automatic,hv,hv
2020-12-11T18:11:35.980Z,38.159,-117.915,6.5,0.9,ml,12,116.79,0.028,0.1,nn,nn00791332,2020-12-11T18:31:58.708Z,"30 km SSE of Mina, Nevada",earthquake,,0.5,,,automatic,nn,nn
2020-12-11T18:11:03.500Z,17.9453,-66.9213,13,2.87,md,17,210,0.1253,0.23,pr,pr2020346015,2020-12-11T18:34:46.894Z,"3 km SSW of Guánica, Puerto Rico",earthquake,0.74,0.41,0.35,12,reviewed,pr,pr
2020-12-11T18:07:04.040Z,62.2197,-149.9654,21.1,1.7,ml,,,,1.04,ak,ak020fwipe2r,2020-12-11T18:12:19.303Z,"8 km NW of Susitna North, Alaska",earthquake,,0.4,,,automatic,ak,ak
2020-12-11T18:04:47.500Z,33.222,-116.7368333,11.62,0.71,ml,37,38,0.02307,0.15,ci,ci39727496,2020-12-11T19:18:45.368Z,"3km SE of Lake Henshaw, CA",earthquake,0.19,0.42,0.123,12,reviewed,ci,ci
2020-12-11T17:59:47.750Z,19.4875,-155.659166666667,3.24,0.86,md,14,110,,0.09,hv,hv72276227,2020-12-11T21:10:13.210Z,"21 km E of Honaunau-Napoopoo, Hawaii",earthquake,0.33,0.99,0.0883641561016879,8,reviewed,hv,hv
2020-12-11T17:50:28.880Z,33.4846667,-116.4831667,13.62,0.99,ml,23,64,0.06163,0.14,ci,ci39727488,2020-12-11T19:02:58.086Z,"19km ESE of Anza, CA",earthquake,0.25,0.46,0.139,23,reviewed,ci,ci
2020-12-11T17:46:52.400Z,38.8381653,-122.7826691,1.73,0.67,md,13,77,0.005999,0.02,nc,nc73496575,2020-12-11T20:05:08.644Z,"6km WNW of Cobb, CA",earthquake,0.28,0.4,0.09,2,automatic,nc,nc
2020-12-11T17:45:13.812Z,61.4407,-150.0239,9.6,2.6,ml,,,,0.98,ak,ak020fwic4io,2020-12-11T19:15:33.040Z,"9 km NNW of Point MacKenzie, Alaska",earthquake,,0.3,,,automatic,ak,ak
2020-12-11T17:43:09.158Z,64.1624,-149.0606,0,1.6,ml,,,,0.51,ak,ak020fwibona,2020-12-11T17:56:17.060Z,"12 km SSE of Clear, Alaska, Alaska",earthquake,,0.4,,,automatic,ak,ak
2020-12-11T17:38:50.550Z,35.7908333,-117.6233333,10.7,1.23,ml,20,101,0.03253,0.12,ci,ci39727480,2020-12-11T19:03:13.525Z,"20km NNE of Ridgecrest, CA",earthquake,0.27,0.41,0.149,15,reviewed,ci,ci
2020-12-11T17:31:56.350Z,37.9747,-117.9353,1.3,0.7,ml,12,172.68,0.125,0.15,nn,nn00791330,2020-12-11T17:36:35.401Z,"35 km NW of Silver Peak, Nevada",earthquake,,15.1,,,automatic,nn,nn
2020-12-11T17:28:06.240Z,59.7197,-146.4194,13.4,2.2,ml,,,,0.72,ak,ak020fwi8gob,2020-12-11T17:45:34.908Z,"97 km ESE of Chenega, Alaska",earthquake,,0.2,,,automatic,ak,ak
2020-12-11T17:24:49.255Z,38.1786,-117.8954,10.2,0.7,ml,18,106.02,0.025,0.1568,nn,nn00791329,2020-12-12T02:31:02.752Z,"30 km SE of Mina, Nevada",earthquake,,0.9,0.57,6,reviewed,nn,nn
2020-12-11T17:24:32.697Z,62.8298,-151.0294,101.2,2,ml,,,,0.47,ak,ak020fwi7nwp,2020-12-11T17:37:53.846Z,"39 km NNW of Petersville, Alaska",earthquake,,1.5,,,automatic,ak,ak
2020-12-11T17:23:26.734Z,59.6995,-146.443,18.5,2.2,ml,,,,0.8,ak,ak020fwi7fod,2020-12-11T17:36:13.248Z,"96 km ESE of Chenega, Alaska",earthquake,,0.5,,,automatic,ak,ak
2020-12-11T17:23:11.685Z,54.6732,-159.606,27.45,4.4,mb,,142,0.158,0.82,us,us7000cqbz,2020-12-12T01:25:46.074Z,"93 km SE of Sand Point, Alaska",earthquake,5.5,5.4,0.073,59,reviewed,us,us
2020-12-11T17:18:58.140Z,38.8358345,-122.7714996,1.76,0.89,md,14,135,0.005497,0.02,nc,nc73496565,2020-12-11T17:33:07.182Z,"4km WNW of Cobb, CA",earthquake,0.32,0.5,0.22,2,automatic,nc,nc
2020-12-11T17:18:19.252Z,17.9189,-67.0313,26.23,3.1,ml,,195,0.051,0.34,us,us7000cqbt,2020-12-11T17:50:09.040Z,"6 km SSE of La Parguera, Puerto Rico",earthquake,9.2,13.5,0.06,37,reviewed,us,us
2020-12-11T17:14:39.995Z,60.2932,-152.685,105.3,1.5,ml,,,,0.67,ak,ak020fwi5jey,2020-12-11T17:26:51.341Z,"62 km WNW of Ninilchik, Alaska",earthquake,,1.7,,,automatic,ak,ak
2020-12-11T17:07:23.040Z,35.9071667,-117.6801667,3.82,0.93,ml,21,51,0.04729,0.1,ci,ci39727432,2020-12-11T19:00:28.662Z,"21km E of Little Lake, CA",earthquake,0.13,0.33,0.159,10,reviewed,ci,ci
2020-12-11T17:01:05.460Z,44.5488333,-109.9945,9.63,1.17,md,13,193,0.1727,0.2,uu,uu60421567,2020-12-11T17:25:25.680Z,"50 km S of Silver Gate, Montana",earthquake,0.89,1.55,0.146,8,reviewed,uu,uu
2020-12-11T16:58:47.320Z,33.4893333,-116.4441667,14.41,0.86,ml,33,74,0.03732,0.13,ci,ci39727416,2020-12-11T18:50:57.130Z,"22km ESE of Anza, CA",earthquake,0.18,0.3,0.102,19,reviewed,ci,ci
2020-12-11T16:52:49.860Z,19.5265,-155.671833333333,4.47,1.04,md,10,187,,0.12,hv,hv72276157,2020-12-12T00:25:10.700Z,"21 km ENE of Honaunau-Napoopoo, Hawaii",earthquake,0.62,0.83,0.0633248494952575,6,reviewed,hv,hv
2020-12-11T16:46:38.100Z,33.7641667,-117.5286667,5.16,0.27,ml,9,118,0.0434,0.13,ci,ci39727400,2020-12-11T18:14:45.394Z,"12km SSE of Corona, CA",earthquake,0.36,0.51,0.005,2,reviewed,ci,ci
2020-12-11T16:42:13.903Z,38.1495,-118.083,6.1,1.8,ml,28,77.78,0.027,0.1314,nn,nn00791324,2020-12-12T02:31:01.221Z,"26 km S of Mina, Nevada",earthquake,,0.9,0.43,12,reviewed,nn,nn
2020-12-11T16:40:38.515Z,59.6751,-151.9828,66.1,1.7,ml,,,,0.57,ak,ak020fwhpo5f,2020-12-11T17:18:40.103Z,"14 km SW of Anchor Point, Alaska",earthquake,,1.2,,,automatic,ak,ak
2020-12-11T16:35:32.979Z,36.4555,-98.78083333,8.43,0.8,ml,19,99,0.01709664506,0.09,ok,ok2020yhpk,2020-12-11T16:55:40.926Z,"16 km SSE of Waynoka, Oklahoma",earthquake,,0.3,0.41,4,reviewed,ok,ok
2020-12-11T16:31:19.980Z,44.7336667,-110.7871667,3.57,0.13,md,9,142,0.07088,0.21,uu,uu60421562,2020-12-11T16:51:01.640Z,"26 km ENE of West Yellowstone, Montana",earthquake,0.45,1.93,0.446,7,reviewed,uu,uu
2020-12-11T16:28:32.520Z,35.695,-117.512,10.31,0.81,ml,16,111,0.1391,0.12,ci,ci39727376,2020-12-11T18:35:23.111Z,"13km SW of Searles Valley, CA",earthquake,0.27,0.72,0.156,7,reviewed,ci,ci
2020-12-11T16:27:29.410Z,35.8615,-117.699,6.09,1.26,ml,27,49,0.07521,0.14,ci,ci39727360,2020-12-11T18:27:44.380Z,"20km ESE of Little Lake, CA",earthquake,0.17,0.47,0.152,16,reviewed,ci,ci
2020-12-11T16:18:58.066Z,40.4755,-119.8005,18.8,1.2,ml,4,302.09,0.31,0.1465,nn,nn00791381,2020-12-12T02:31:16.802Z,"40 km WSW of Empire, Nevada",earthquake,,2,0.16,3,reviewed,nn,nn
2020-12-11T16:16:58.360Z,38.8423347,-122.8251648,1.96,1.03,md,23,73,0.008887,0.03,nc,nc73496550,2020-12-11T16:59:05.994Z,"9km WNW of Cobb, CA",earthquake,0.2,0.39,0.1,5,automatic,nc,nc
2020-12-11T16:12:39.510Z,38.1653,-118.0717,13.3,0.7,ml,8,186.84,0.264,0.08,nn,nn00791323,2020-12-11T16:42:54.292Z,"25 km S of Mina, Nevada",earthquake,,9.7,,,automatic,nn,nn
2020-12-11T16:04:52.310Z,34.8625,-116.3363333,0.62,1.85,ml,8,80,0.2351,0.07,ci,ci39727344,2020-12-11T16:49:53.279Z,"22km NW of Ludlow, CA",earthquake,0.22,0.93,0.147,26,reviewed,ci,ci
2020-12-11T16:03:12.830Z,40.5721667,-111.5348333,0.33,0.92,md,18,89,0.08026,0.14,uu,uu60421557,2020-12-11T16:39:11.380Z,"8 km NW of Midway, Utah",earthquake,0.36,9,0.221,12,reviewed,uu,uu
2020-12-11T16:02:35.736Z,62.8788,-149.027,11.2,1.7,ml,,,,0.83,ak,ak020fwhhiq5,2020-12-11T16:08:52.327Z,"57 km S of Cantwell, Alaska",earthquake,,0.3,,,automatic,ak,ak
2020-12-11T15:59:36.280Z,38.1853,-117.7843,12,1.4,ml,14,62.54,0.033,0.11,nn,nn00791319,2020-12-11T16:14:58.258Z,"36 km SE of Mina, Nevada",earthquake,,0.9,,,automatic,nn,nn
2020-12-11T15:59:03.430Z,33.9801667,-116.9373333,15.32,1.38,ml,43,63,0.06875,0.17,ci,ci39727336,2020-12-11T16:50:37.880Z,"7km NNE of Beaumont, CA",earthquake,0.24,0.57,0.237,27,reviewed,ci,ci
2020-12-11T15:47:27.012Z,68.1544,-144.5845,9.4,2.3,ml,,,,0.69,ak,ak020fwh5pql,2020-12-11T16:00:21.112Z,"39 km E of Arctic Village, Alaska",earthquake,,0.5,,,automatic,ak,ak
2020-12-11T15:45:48.650Z,38.8326683,-122.791832,1.89,0.41,md,9,85,0.005849,0.01,nc,nc73496540,2020-12-11T16:01:05.636Z,"6km W of Cobb, CA",earthquake,0.45,0.55,0.16,2,automatic,nc,nc
2020-12-11T15:43:18.130Z,38.1528,-118.09,1.5,1,ml,10,157.93,0.029,0.02,nn,nn00791317,2020-12-11T16:00:16.875Z,"26 km S of Mina, Nevada",earthquake,,6.9,,,automatic,nn,nn
2020-12-11T15:39:23.079Z,60.1638,-152.6552,110.4,1.8,ml,,,,0.36,ak,ak020fwh3zo2,2020-12-11T15:52:19.680Z,"56 km WNW of Ninilchik, Alaska",earthquake,,0.5,,,automatic,ak,ak
2020-12-11T15:37:03.070Z,35.8658333,-117.7041667,8.8,0.57,ml,14,69,0.0755,0.09,ci,ci39727312,2020-12-11T23:11:59.223Z,"20km ESE of Little Lake, CA",earthquake,0.18,0.52,0.052,6,reviewed,ci,ci
2020-12-11T15:34:07.280Z,33.5188333,-116.7355,4.23,0.38,ml,14,202,0.04647,0.09,ci,ci39727304,2020-12-11T23:05:55.500Z,"7km SW of Anza, CA",earthquake,0.23,0.34,0.26,5,reviewed,ci,ci
2020-12-11T15:30:02.034Z,-32.9872,-179.0994,61.16,4.9,mb,,128,3.863,1,us,us7000cqa8,2020-12-11T15:51:04.040Z,"south of the Kermadec Islands",earthquake,8.6,5.4,0.08,49,reviewed,us,us
2020-12-11T15:29:35.590Z,34.0121667,-117.1318333,17.09,1.75,ml,70,38,0.07303,0.15,ci,ci39727296,2020-12-11T22:48:54.480Z,"6km S of Mentone, CA",earthquake,0.13,0.29,0.202,19,reviewed,ci,ci
2020-12-11T15:29:07.120Z,37.9298,-118.0212,0.5,1.5,ml,15,93.91,0.137,0.49,nn,nn00791314,2020-12-11T15:44:16.933Z,"California-Nevada border region",earthquake,,39.7,,,automatic,nn,nn
2020-12-11T15:29:05.890Z,44.3478333,-115.1643333,9.6,2.65,ml,9,87,0.197,0.17,mb,mb80479224,2020-12-11T19:02:00.180Z,"23 km NW of Stanley, Idaho",earthquake,0.84,1.2,0.12,11,reviewed,mb,mb
2020-12-11T15:22:35.620Z,51.8521666666667,-177.940833333333,4.18,-0.22,ml,5,145,,0.11,av,av91014663,2020-12-12T00:23:22.340Z,"90 km W of Adak, Alaska",earthquake,0.42,1.53,0.220592296320785,5,reviewed,av,av
2020-12-11T15:22:28.680Z,39.3346667,-123.2856667,2.43,1.24,md,5,285,0.1293,0.03,nc,nc73496530,2020-12-11T19:10:07.762Z,"10km SE of Willits, CA",earthquake,1.08,31.61,0.266,4,reviewed,nc,nc
2020-12-11T15:19:20.990Z,19.4888324737549,-155.658828735352,-0.319999992847443,2.37,ml,10,108,,0.150000006,hv,hv72276017,2020-12-11T15:24:50.100Z,"Island of Hawaii, Hawaii",earthquake,0.46,1.14999998,0.72,3,automatic,hv,hv
2020-12-11T15:17:07.720Z,34.2303333,-117.4478333,10.4,2.33,ml,107,19,0.0289,0.22,ci,ci39727288,2020-12-11T20:01:37.570Z,"4km WNW of Devore, CA",earthquake,0.14,0.27,0.104,28,reviewed,ci,ci
2020-12-11T15:17:03.140Z,34.2301667,-117.4486667,10.3,2.23,ml,112,19,0.02824,0.19,ci,ci39727280,2020-12-11T23:19:45.487Z,"4km WNW of Devore, CA",earthquake,0.12,0.23,0.121,22,reviewed,ci,ci
2020-12-11T15:15:37.010Z,37.9405,-118.006,1,0.9,ml,13,152.97,0.133,0.09,nn,nn00791311,2020-12-11T15:30:16.368Z,"California-Nevada border region",earthquake,,11.2,,,automatic,nn,nn
2020-12-11T15:12:44.000Z,38.7536659,-122.7211685,2.02,1.37,md,21,120,0.008425,0.04,nc,nc73496520,2020-12-11T17:33:07.385Z,"4km SW of Anderson Springs, CA",earthquake,0.28,0.37,0.11,8,automatic,nc,nc
2020-12-11T15:11:41.260Z,36.0218333,-117.7745,1.83,0.78,ml,15,64,0.008213,0.09,ci,ci39727272,2020-12-11T19:01:53.266Z,"15km NE of Little Lake, CA",earthquake,0.14,0.15,0.147,7,reviewed,ci,ci
2020-12-11T15:09:31.900Z,35.6428333,-117.558,2.83,0.45,ml,15,132,0.1167,0.18,ci,ci39727264,2020-12-11T18:41:29.665Z,"11km ENE of Ridgecrest, CA",earthquake,0.35,0.87,0.041,6,reviewed,ci,ci
2020-12-11T15:09:13.460Z,36.0211667,-117.7765,1.94,0.26,ml,10,65,0.009965,0.08,ci,ci37307652,2020-12-11T18:41:34.149Z,"15km NE of Little Lake, CA",earthquake,0.16,0.21,0.109,4,reviewed,ci,ci
2020-12-11T15:02:22.520Z,38.1468,-118.0547,4.4,0.9,ml,11,161.42,0.045,0.18,nn,nn00791308,2020-12-11T15:16:36.479Z,"27 km S of Mina, Nevada",earthquake,,9.4,,,automatic,nn,nn
2020-12-11T15:00:48.410Z,36.0241667,-117.7753333,2.2,0.38,ml,15,66,0.008232,0.07,ci,ci39727256,2020-12-11T21:25:15.448Z,"15km NE of Little Lake, CA",earthquake,0.13,0.14,0.328,6,reviewed,ci,ci
2020-12-11T14:56:30.850Z,19.4018333333333,-155.268333333333,0.03,0.6,md,19,39,,0.06,hv,hv72275967,2020-12-11T21:23:51.760Z,"5 km SW of Volcano, Hawaii",earthquake,0.12,0.16,0.152420376434706,7,reviewed,hv,hv
2020-12-11T14:55:30.100Z,36.0198333,-117.7773333,1.84,0.78,ml,20,62,0.01116,0.12,ci,ci39727248,2020-12-11T18:25:41.060Z,"15km NE of Little Lake, CA",earthquake,0.14,0.14,0.281,9,reviewed,ci,ci
2020-12-11T14:55:07.340Z,35.7123333,-117.5681667,3.5,0.6,ml,10,86,0.1059,0.11,ci,ci37307644,2020-12-11T18:25:42.051Z,"14km NE of Ridgecrest, CA",earthquake,0.24,0.99,0.105,5,reviewed,ci,ci
2020-12-11T14:54:03.830Z,36.016,-117.7775,1.32,2.18,ml,36,49,0.01353,0.14,ci,ci39727232,2020-12-11T22:56:41.276Z,"15km NE of Little Lake, CA",earthquake,0.11,0.14,0.172,24,reviewed,ci,ci
2020-12-11T14:53:47.250Z,38.8330002,-122.7910004,1.85,0.41,md,11,54,0.005425,0.01,nc,nc73496505,2020-12-11T16:23:05.758Z,"6km WNW of Cobb, CA",earthquake,0.38,0.48,0.16,2,automatic,nc,nc
2020-12-11T14:48:22.500Z,61.4321,-149.898,30.8,1.8,ml,,,,0.43,ak,ak020fwgkhfu,2020-12-11T15:00:33.642Z,"9 km NNE of Point MacKenzie, Alaska",earthquake,,0.1,,,automatic,ak,ak
2020-12-11T14:44:43.980Z,48.242,-122.762833333333,57.15,1.81,ml,30,62,0.0889,0.2,uw,uw61705106,2020-12-11T18:20:34.050Z,"6 km WNW of Coupeville, Washington",earthquake,0.49,0.75,0.163301539861182,10,reviewed,uw,uw
2020-12-11T14:33:29.010Z,38.1523,-117.9352,14.7,1.6,ml,22,72.48,0.018,0.09,nn,nn00791301,2020-12-11T14:55:18.345Z,"30 km SSE of Mina, Nevada",earthquake,,0.5,,,automatic,nn,nn
2020-12-11T14:30:41.466Z,61.7484,-151.2534,64.9,1.8,ml,,,,0.62,ak,ak020fwggo0j,2020-12-11T14:50:42.151Z,"28 km SSE of Skwentna, Alaska",earthquake,,0.6,,,automatic,ak,ak
2020-12-11T14:24:32.950Z,35.1151667,-118.7468333,9.38,0.9,ml,14,69,0.06925,0.14,ci,ci39727224,2020-12-11T21:57:56.811Z,"13km SE of Arvin, CA",earthquake,0.28,0.54,0.047,6,reviewed,ci,ci
2020-12-11T14:22:33.675Z,38.6275,-118.5046,9.2,0.9,ml,13,124,0.014,0.1024,nn,nn00791380,2020-12-12T02:31:15.550Z,"15 km NE of Hawthorne, Nevada",earthquake,,1.2,0.16,2,reviewed,nn,nn
2020-12-11T14:15:27.829Z,59.446,-152.7105,73.6,2.1,ml,,,,0.69,ak,ak020fwgdf7l,2020-12-11T14:19:58.191Z,"45 km WNW of Nanwalek, Alaska",earthquake,,0.4,,,automatic,ak,ak
2020-12-11T14:13:47.906Z,41.2396,-120.4669,11.9,1.6,ml,6,141.82,0.674,0.1479,nn,nn00791379,2020-12-12T02:31:14.165Z,"3 km ENE of Likely, California",earthquake,,2.6,0.31,3,reviewed,nn,nn
2020-12-11T14:13:42.086Z,61.4897,-150.0704,41.3,1.7,ml,,,,0.56,ak,ak020fwgd0vb,2020-12-11T14:22:08.581Z,"7 km WSW of Big Lake, Alaska",earthquake,,0.9,,,automatic,ak,ak
2020-12-11T14:04:39.660Z,51.8645,-177.892,5.94,0.59,ml,4,195,,0.04,av,av91014658,2020-12-11T23:56:37.750Z,"86 km W of Adak, Alaska",earthquake,0.41,0.95,0.383271356917581,4,reviewed,av,av
2020-12-11T13:58:42.150Z,34.246,-118.4956667,13.95,1.26,ml,34,75,0.03836,0.15,ci,ci39727200,2020-12-11T21:56:29.940Z,"3km S of Granada Hills, CA",earthquake,0.24,0.39,0.085,13,reviewed,ci,ci
2020-12-11T13:58:34.565Z,57.7242,-155.7092,19.8,1.5,ml,,,,0.16,ak,ak020fwg17xc,2020-12-11T23:47:21.060Z,"76 km WNW of Karluk, Alaska",earthquake,,2.1,,,automatic,ak,ak
2020-12-11T13:48:03.530Z,35.6706667,-117.4765,8.82,1.19,ml,25,88,0.1717,0.14,ci,ci39727192,2020-12-11T17:21:43.612Z,"13km SSW of Searles Valley, CA",earthquake,0.22,0.67,0.179,12,reviewed,ci,ci
2020-12-11T13:43:28.820Z,38.1553,-118.0853,4.2,1.1,ml,14,76.57,0.022,0.21,nn,nn00791296,2020-12-11T14:27:57.685Z,"26 km S of Mina, Nevada",earthquake,,3.4,,,automatic,nn,nn
2020-12-11T13:40:24.200Z,38.197,-118.0578,4.9,1,ml,16,95.39,0.022,0.13,nn,nn00791293,2020-12-11T13:44:36.282Z,"21 km SSE of Mina, Nevada",earthquake,,1.3,,,automatic,nn,nn
2020-12-11T13:39:55.770Z,38.7561684,-122.7228317,2.07,0.67,md,9,116,0.005644,0.04,nc,nc73496485,2020-12-11T15:02:07.281Z,"3km SW of Anderson Springs, CA",earthquake,0.48,0.64,0.32,3,automatic,nc,nc
2020-12-11T13:25:27.390Z,38.1995,-117.7502,8.9,1,ml,13,120.73,0.045,0.13,nn,nn00791291,2020-12-11T13:41:15.356Z,"37 km SE of Mina, Nevada",earthquake,,12.6,,,automatic,nn,nn
2020-12-11T13:24:16.584Z,37.9903,-118.6808,5.4,1.4,ml,23,89.62,0.296,0.1866,nn,nn00791289,2020-12-12T02:30:58.101Z,"26 km NW of Benton, California",earthquake,,1.1,0.22,7,reviewed,nn,nn
2020-12-11T13:23:44.687Z,61.6952,-150.1756,20.4,2,ml,,,,0.77,ak,ak020fwftqpo,2020-12-11T13:37:12.945Z,"9 km SW of Willow, Alaska",earthquake,,0.4,,,automatic,ak,ak
2020-12-11T13:23:26.840Z,38.8414993,-122.879837,2.39,0.9,md,18,96,0.004322,0.02,nc,nc73496470,2020-12-11T14:07:05.943Z,"13km ENE of Cloverdale, CA",earthquake,0.26,0.51,0.02,4,automatic,nc,nc
2020-12-11T13:22:42.600Z,38.2093,-117.7267,9.6,0.9,ml,17,126.82,0.025,0.08,nn,nn00791286,2020-12-11T13:25:56.612Z,"39 km ESE of Mina, Nevada",earthquake,,2.3,,,automatic,nn,nn
2020-12-11T13:14:25.980Z,38.1995,-117.7698,11.1,0.8,ml,10,140.54,0.041,0.03,nn,nn00791285,2020-12-11T13:23:35.033Z,"36 km SE of Mina, Nevada",earthquake,,6,,,automatic,nn,nn
2020-12-11T13:13:47.779Z,63.1629,-149.791,79.9,1.4,ml,,,,0.92,ak,ak020fwfrlq1,2020-12-11T13:17:19.983Z,"49 km WSW of Cantwell, Alaska",earthquake,,1.2,,,automatic,ak,ak
2020-12-11T13:11:26.750Z,33.6523333,-116.7118333,12.79,0.65,ml,29,55,0.03577,0.13,ci,ci39727176,2020-12-11T15:03:32.919Z,"10km S of Idyllwild, CA",earthquake,0.18,0.37,0.152,11,reviewed,ci,ci
2020-12-11T13:08:09.940Z,38.8136673,-122.80867,1.03,0.87,md,20,44,0.009775,0.03,nc,nc73496465,2020-12-11T13:41:05.788Z,"6km NW of The Geysers, CA",earthquake,0.19,0.44,0.13,3,automatic,nc,nc
2020-12-11T13:07:45.270Z,38.1977,-117.749,12,1.8,ml,23,127.72,0.12,0.13,nn,nn00791282,2020-12-11T13:16:18.822Z,"38 km SE of Mina, Nevada",earthquake,,1.6,,,automatic,nn,nn
2020-12-11T12:59:29.470Z,42.1956666666667,-121.8955,6.86,1.36,ml,6,157,0.102,0.09,uw,uw61705096,2020-12-11T21:26:01.920Z,"9 km WSW of Klamath Falls, Oregon",earthquake,0.94,1.71,0.100080731081252,4,reviewed,uw,uw
2020-12-11T12:58:06.602Z,23.9062,125.3741,27.54,4.8,mb,,117,2.228,0.8,us,us7000cq92,2020-12-11T13:27:52.040Z,"99 km S of Hirara, Japan",earthquake,4.7,5.4,0.114,24,reviewed,us,us
2020-12-11T12:55:33.440Z,58.3021666666667,-155.927166666667,-0.53,0.22,ml,7,282,,0.18,av,av91014643,2020-12-11T23:38:49.470Z,"Alaska Peninsula",earthquake,0.98,3.34,0.132289930673502,6,reviewed,av,av
2020-12-11T12:52:53.597Z,-18.8002,-177.7029,549.76,4.6,mb,,121,4.167,0.56,us,us7000cq91,2020-12-11T13:14:00.040Z,"Fiji region",earthquake,8.4,9,0.032,282,reviewed,us,us
2020-12-11T12:42:19.130Z,38.1988,-117.748,11.5,1.7,ml,21,126.83,0.112,0.07,nn,nn00791279,2020-12-11T13:08:57.903Z,"38 km SE of Mina, Nevada",earthquake,,1.4,,,automatic,nn,nn
2020-12-11T12:40:47.870Z,35.3261667,-118.5441667,7.51,1.4,ml,23,41,0.1067,0.21,ci,ci39727168,2020-12-11T14:17:25.740Z,"23km NNW of Tehachapi, CA",earthquake,0.35,1.46,0.198,20,reviewed,ci,ci
2020-12-11T12:32:46.030Z,35.669,-117.481,2.46,0.76,ml,20,110,0.1722,0.17,ci,ci39727016,2020-12-11T21:49:30.742Z,"13km SSW of Searles Valley, CA",earthquake,0.28,0.92,0.185,9,reviewed,ci,ci
2020-12-11T12:31:10.694Z,58.3357,-155.9825,7,1.7,ml,,,,0.4,ak,ak020fwf9y59,2020-12-11T13:06:38.583Z,"55 km SE of King Salmon, Alaska",earthquake,,0.6,,,automatic,ak,ak
2020-12-11T12:28:54.460Z,38.1625,-118.0668,1.7,1.3,ml,13,148.11,0.02,0.04,nn,nn00791276,2020-12-11T12:43:16.511Z,"25 km S of Mina, Nevada",earthquake,,7.3,,,automatic,nn,nn
2020-12-11T12:26:59.040Z,19.2438335418701,-155.418502807617,32.4799995422363,2.26999998,md,48,99,,0.129999995,hv,hv72275772,2020-12-11T12:30:14.220Z,"7 km NE of Pāhala, Hawaii",earthquake,0.52,0.800000012,0.560000002,21,automatic,hv,hv
2020-12-11T12:18:40.730Z,33.4636667,-116.4151667,12.56,0.62,ml,38,84,0.06022,0.17,ci,ci39727008,2020-12-11T17:04:03.242Z,"23km N of Borrego Springs, CA",earthquake,0.25,0.49,0.203,13,reviewed,ci,ci
2020-12-11T12:12:40.137Z,39.2477,-120.2043,6.8,0.2,ml,5,174.37,0.073,0.0354,nn,nn00791373,2020-12-12T02:31:12.554Z,"9 km SSW of Truckee, California",earthquake,,2.4,0.61,3,reviewed,nn,nn
2020-12-11T12:08:49.960Z,58.2601666666667,-154.925333333333,-1.41,-0.54,ml,5,165,,0.15,av,av91014638,2020-12-11T23:30:43.050Z,"81 km NNW of Karluk, Alaska",earthquake,0.45,8.53,0.213009967722038,3,reviewed,av,av
2020-12-11T12:05:12.955Z,59.9989,-151.8131,72.7,1.4,ml,,,,0.29,ak,ak020fwf4dpb,2020-12-11T12:08:12.512Z,"7 km NW of Happy Valley, Alaska",earthquake,,1.2,,,automatic,ak,ak
2020-12-11T12:02:06.970Z,37.51,-118.8875,2.53,0.96,md,7,211,0.09239,0.11,nc,nc73496460,2020-12-11T17:04:06.027Z,"16km SSE of Mammoth Lakes, CA",earthquake,1.57,7.55,0.114,6,reviewed,nc,nc
2020-12-11T11:57:34.410Z,44.1863333,-114.0336667,3.62,1.77,ml,10,118,0.675,0.1,mb,mb80479219,2020-12-11T17:06:08.330Z,"30 km ESE of Clayton, Idaho",earthquake,0.51,2.2,0.129,9,reviewed,mb,mb
2020-12-11T11:49:27.370Z,38.167,-118.0688,3.9,0.7,ml,9,197.04,0.042,0.1,nn,nn00791275,2020-12-11T12:29:54.241Z,"25 km S of Mina, Nevada",earthquake,,11.9,,,automatic,nn,nn
2020-12-11T11:46:12.267Z,61.4837,-149.9102,31.6,1.7,ml,,,,0.61,ak,ak020fwerqdv,2020-12-11T12:08:12.372Z,"4 km SSE of Big Lake, Alaska",earthquake,,0.1,,,automatic,ak,ak
2020-12-11T11:42:19.105Z,60.5235,-151.9287,72.1,1.4,ml,,,,0.43,ak,ak020fweqw2e,2020-12-11T11:49:09.809Z,"34 km WSW of Salamatof, Alaska",earthquake,,1,,,automatic,ak,ak
2020-12-11T11:38:19.400Z,38.1882,-117.8408,9.7,1.2,ml,14,105.72,0.05,0.1,nn,nn00791272,2020-12-11T11:50:56.232Z,"32 km SE of Mina, Nevada",earthquake,,1.1,,,automatic,nn,nn
2020-12-11T11:30:16.880Z,33.4938333,-116.5046667,14.09,0.23,ml,25,58,0.0672,0.13,ci,ci39726992,2020-12-11T16:24:35.569Z,"17km ESE of Anza, CA",earthquake,0.18,0.35,0.105,15,reviewed,ci,ci
2020-12-11T11:29:19.230Z,36.7098,-116.3115,7.3,0.2,ml,11,96.92,0.076,0.1,nn,nn00791271,2020-12-11T11:39:15.235Z,"45 km ESE of Beatty, Nevada",earthquake,,1.8,,,automatic,nn,nn
2020-12-11T11:28:56.460Z,19.242166519165,-155.3818359375,31.3600006103516,2.28,ml,50,143,,0.119999997,hv,hv72275692,2020-12-11T11:34:25.210Z,"11 km ENE of Pāhala, Hawaii",earthquake,0.57,0.670000017,0.28,5,automatic,hv,hv
2020-12-11T11:28:00.600Z,52.3701666666667,-174.1685,2.59,0.83,ml,7,98,,0.09,av,av91014623,2020-12-11T23:06:47.740Z,"19 km N of Atka, Alaska",earthquake,0.27,0.52,0.360225540723681,7,reviewed,av,av
2020-12-11T11:27:27.200Z,19.4286666666667,-155.311166666667,3.03,0.74,md,19,90,,0.09,hv,hv72275687,2020-12-11T22:02:38.430Z,"8 km W of Volcano, Hawaii",earthquake,0.27,0.48,0.126716896763916,6,reviewed,hv,hv
2020-12-11T11:25:16.840Z,38.7023315,-122.6256638,4.08,0.66,md,7,183,0.1695,0.12,nc,nc73496515,2020-12-11T17:06:06.037Z,"6km S of Middletown, CA",earthquake,4.9,10.59,,1,automatic,nc,nc
2020-12-11T11:24:16.760Z,38.1647,-117.8982,13.2,0.7,ml,14,116.13,0.028,0.04,nn,nn00791267,2020-12-11T11:30:35.542Z,"31 km SE of Mina, Nevada",earthquake,,0.9,,,automatic,nn,nn
2020-12-11T11:22:41.744Z,61.4321,-149.8952,25.7,3.3,ml,,,,0.71,ak,ak020fwemnfi,2020-12-12T02:42:16.802Z,"Southern Alaska",earthquake,,0.5,,,reviewed,ak,ak
2020-12-11T11:18:42.770Z,33.5253333,-116.7318333,2.7,0.26,ml,15,92,0.04022,0.1,ci,ci39726984,2020-12-11T14:54:25.013Z,"6km WSW of Anza, CA",earthquake,0.16,0.2,0.135,7,reviewed,ci,ci
2020-12-11T11:18:11.680Z,36.6717,-116.2457,6.9,0,ml,9,169.11,0.057,0.06,nn,nn00791265,2020-12-11T11:25:15.011Z,"52 km WNW of Indian Springs, Nevada",earthquake,,0.9,,,automatic,nn,nn
2020-12-11T11:17:17.945Z,61.074,-151.1686,14.4,1.4,ml,,,,0.24,ak,ak020fwelj2q,2020-12-11T11:25:15.991Z,"1 km WNW of Tyonek, Alaska",earthquake,,0.3,,,automatic,ak,ak
2020-12-11T11:12:18.270Z,38.1297,-118.0975,1,1.5,ml,16,78.81,0.035,0.11,nn,nn00791262,2020-12-11T11:18:56.941Z,"28 km S of Mina, Nevada",earthquake,,9.6,,,automatic,nn,nn
2020-12-11T11:10:27.320Z,58.2651666666667,-155.125166666667,2.15,-0.77,ml,6,132,,0.2,av,av91014633,2020-12-11T23:25:31.010Z,"87 km NNW of Karluk, Alaska",earthquake,0.52,2.12,0.143895304942795,4,reviewed,av,av
2020-12-11T11:09:56.308Z,-23.1509,-66.9125,221.27,4.5,mb,,44,1.183,0.9,us,us7000cq8p,2020-12-11T11:35:03.040Z,"126 km W of El Aguilar, Argentina",earthquake,8.4,6.7,0.056,95,reviewed,us,us
2020-12-11T10:59:37.320Z,58.1795,-155.374,0.94,-0.76,ml,5,124,,0.09,av,av91014628,2020-12-11T23:19:14.860Z,"87 km NW of Karluk, Alaska",earthquake,0.29,1.6,0.039464803536754,5,reviewed,av,av
2020-12-11T10:56:33.730Z,19.3813333333333,-155.236666666667,2.1,2.3,ml,36,78,,0.07,hv,hv72275647,2020-12-11T19:06:16.140Z,"6 km S of Volcano, Hawaii",earthquake,0.2,0.18,0.152196411369373,13,reviewed,hv,hv
2020-12-11T10:55:06.843Z,61.5017,-149.889,33.8,1.7,ml,,,,0.39,ak,ak020fwe87to,2020-12-11T11:20:35.224Z,"4 km ESE of Big Lake, Alaska",earthquake,,0.2,,,automatic,ak,ak
2020-12-11T10:50:19.470Z,39.3678322,-123.2608337,3.43,1.94,md,16,115,0.07988,0.09,nc,nc73496450,2020-12-11T13:14:06.618Z,"9km ESE of Willits, CA",earthquake,0.37,2.86,0.14,14,automatic,nc,nc
2020-12-11T10:49:55.430Z,38.1383,-118.105,2.7,0.7,ml,9,175.33,0.094,0.05,nn,nn00791259,2020-12-11T11:02:14.504Z,"27 km S of Mina, Nevada",earthquake,,9.2,,,automatic,nn,nn
2020-12-11T10:39:07.780Z,37.315,-119.9888333,15.54,1.63,md,6,186,0.2113,0.12,nc,nc73496445,2020-12-11T18:44:03.534Z,"19km SSW of Bootjack, CA",earthquake,1.06,1.43,0.25,5,reviewed,nc,nc
2020-12-11T10:36:39.670Z,37.5823333,-118.9578333,4.25,0.63,md,11,211,0.03475,0.05,nc,nc73496435,2020-12-11T16:40:06.873Z,"6km SSE of Mammoth Lakes, CA",earthquake,0.33,0.76,0.262,9,reviewed,nc,nc
2020-12-11T10:35:20.110Z,36.0328333,-117.7765,1.66,2.27,ml,46,29,0.01187,0.14,ci,ci39726976,2020-12-11T16:17:30.490Z,"16km E of Coso Junction, CA",earthquake,0.1,0.13,0.142,21,reviewed,ci,ci
2020-12-11T10:34:50.480Z,17.9623,-66.8416,15,2.53,md,9,203,0.2027,0.14,pr,pr2020346013,2020-12-11T10:49:17.764Z,"4 km SW of Indios, Puerto Rico",earthquake,0.75,0.61,0.06,4,reviewed,pr,pr
2020-12-11T10:34:33.050Z,53.3043333333333,-168.139666666667,24.52,0.29,ml,4,274,,0.06,av,av91014613,2020-12-12T02:32:46.000Z,"63 km NE of Nikolski, Alaska",earthquake,1.88,1.17,0.156297475954489,4,reviewed,av,av
2020-12-11T10:30:14.271Z,40.4839,-119.8195,9.6,2.1,ml,6,110.03,0.321,0.1117,nn,nn00791254,2020-12-12T02:30:55.954Z,"41 km WSW of Empire, Nevada",earthquake,,5.6,0.37,4,reviewed,nn,nn
2020-12-11T10:30:06.040Z,33.426,-116.9163333,10.67,0.71,ml,21,60,0.08503,0.2,ci,ci39726960,2020-12-11T14:17:42.009Z,"5km WSW of Aguanga, CA",earthquake,0.31,0.91,0.114,20,reviewed,ci,ci
2020-12-11T10:25:30.867Z,52.9817,-168.4249,45.82,4.1,mb,,170,0.26,0.65,us,us7000cq7f,2020-12-11T19:54:42.215Z,"29 km E of Nikolski, Alaska",earthquake,7.8,5.4,0.07,56,reviewed,us,us
2020-12-11T10:16:55.040Z,38.1712,-118.058,9.7,1.6,ml,24,95.42,0.019,0.08,nn,nn00791250,2020-12-11T10:31:17.513Z,"24 km S of Mina, Nevada",earthquake,,1.1,,,automatic,nn,nn
2020-12-11T10:14:32.630Z,38.1627,-118.058,9.7,1.4,ml,10,151.04,0.018,0.09,nn,nn00791248,2020-12-11T10:18:15.406Z,"25 km S of Mina, Nevada",earthquake,,2.2,,,automatic,nn,nn
2020-12-11T10:14:16.530Z,53.8835,-166.914666666667,4.7,0.21,ml,7,178,,0.12,av,av91014618,2020-12-11T23:00:06.580Z,"24 km W of Dutch Harbor, Alaska",earthquake,0.38,1.15,0.164171943745957,7,reviewed,av,av
2020-12-11T10:11:37.278Z,40.0826,-119.6626,14.5,0.4,ml,3,181.42,0.103,0.0181,nn,nn00791372,2020-12-12T02:31:11.227Z,"15 km NNW of Sutcliffe, Nevada",earthquake,,5.2,0.47,2,reviewed,nn,nn
2020-12-11T10:11:01.710Z,35.8985,-117.679,2.14,0.07,ml,12,82,0.05449,0.15,ci,ci37307332,2020-12-11T16:04:36.739Z,"21km ESE of Little Lake, CA",earthquake,0.23,0.34,0.049,2,reviewed,ci,ci
2020-12-11T10:10:46.800Z,36.0363333,-117.7735,1.6,0.77,ml,20,67,0.01295,0.12,ci,ci39726952,2020-12-11T15:58:32.700Z,"16km E of Coso Junction, CA",earthquake,0.14,0.14,0.238,7,reviewed,ci,ci
2020-12-11T10:08:18.923Z,61.1493,-147.1102,0.1,1.8,ml,,,,0.94,ak,ak020fwdy63f,2020-12-11T10:16:07.467Z,"39 km NW of Tatitlek, Alaska",earthquake,,0.4,,,automatic,ak,ak
2020-12-11T10:04:52.700Z,60.7877,-151.811,71.2,1.7,ml,,,,0.39,ak,ak020fwdxdue,2020-12-11T10:18:16.728Z,"30 km WNW of Nikiski, Alaska",earthquake,,1,,,automatic,ak,ak
2020-12-11T09:59:07.880Z,17.9475,-66.9408,9,2.4,md,6,210,0.1057,0.07,pr,pr2020346012,2020-12-11T10:13:11.870Z,"4 km SW of Guánica, Puerto Rico",earthquake,0.69,1.59,0.08,3,reviewed,pr,pr
2020-12-11T09:57:30.620Z,38.1298,-118.0792,0.8,0.9,ml,9,194.42,0.103,0.08,nn,nn00791247,2020-12-11T10:15:34.189Z,"29 km S of Mina, Nevada",earthquake,,10.3,,,automatic,nn,nn
2020-12-11T09:50:28.880Z,35.7091667,-117.502,3.68,1.34,ml,20,102,0.1266,0.21,ci,ci39726944,2020-12-11T14:18:10.012Z,"11km SW of Searles Valley, CA",earthquake,0.37,1.2,0.143,17,reviewed,ci,ci
2020-12-11T09:48:40.876Z,24.2265,125.291,23.18,5.1,mww,,93,2.093,0.82,us,us7000cq77,2020-12-11T17:45:51.040Z,"southwestern Ryukyu Islands, Japan",earthquake,7.9,5.8,0.073,18,reviewed,us,us
2020-12-11T09:47:37.440Z,57.5894,-154.2965,57.4,1.7,ml,,,,0.49,ak,ak020fwdl4uo,2020-12-11T09:52:01.007Z,"9 km ENE of Karluk, Alaska",earthquake,,1.7,,,automatic,ak,ak
2020-12-11T09:46:25.510Z,19.2390003204346,-155.403335571289,32.5499992370605,1.70000005,md,42,110,,0.129999995,hv,hv72275522,2020-12-11T09:49:24.070Z,"Island of Hawaii, Hawaii",earthquake,0.6,0.850000024,0.280000001,5,automatic,hv,hv
2020-12-11T09:43:40.970Z,38.8376656,-122.8366699,1.49,0.57,md,10,153,0.001305,0.02,nc,nc73496420,2020-12-11T12:07:07.211Z,"10km NW of The Geysers, CA",earthquake,0.46,0.92,,1,automatic,nc,nc
2020-12-11T09:40:34.820Z,38.0947,-118.114,1.1,1.2,ml,13,131.47,0.038,0.46,nn,nn00791242,2020-12-11T09:51:36.140Z,"32 km S of Mina, Nevada",earthquake,,17.3,,,automatic,nn,nn
2020-12-11T09:33:40.820Z,41.4435,-112.3163333,0.49,0.85,md,11,113,0.08683,0.15,uu,uu60421547,2020-12-11T15:34:26.550Z,"20 km SW of Corinne, Utah",earthquake,0.71,31.61,0.103,9,reviewed,uu,uu
2020-12-11T09:32:45.494Z,61.3913,-147.3767,17.8,2.1,ml,,,,0.95,ak,ak020fwdhxqd,2020-12-11T09:35:49.072Z,"48 km SSE of Glacier View, Alaska",earthquake,,0.7,,,automatic,ak,ak
2020-12-11T09:31:29.029Z,39.5672,-120.4429,5.5,1.5,ml,20,72.34,0.173,0.1946,nn,nn00791240,2020-12-12T02:30:53.656Z,"5 km SSW of Sattley, California",earthquake,,1.5,0.27,9,reviewed,nn,nn
2020-12-11T09:22:55.050Z,38.8154984,-122.8125,2.74,0.55,md,14,79,0.00811,0.01,nc,nc73496410,2020-12-11T11:41:05.039Z,"6km NW of The Geysers, CA",earthquake,0.29,0.89,,1,automatic,nc,nc
2020-12-11T09:20:11.200Z,36.5988,-115.3553,0.5,1,ml,14,319.62,0.46,0.16,nn,nn00791238,2020-12-11T09:32:35.612Z,"28 km E of Indian Springs, Nevada",earthquake,,15.2,,,automatic,nn,nn
2020-12-11T09:13:35.120Z,38.1373,-117.9277,7.2,0.5,ml,10,104.39,0.015,0.06,nn,nn00791236,2020-12-11T09:21:34.819Z,"32 km SSE of Mina, Nevada",earthquake,,5.3,,,automatic,nn,nn
2020-12-11T09:13:17.480Z,33.9995,-116.649,15.67,0.65,ml,33,69,0.03893,0.16,ci,ci39726936,2020-12-11T21:45:41.286Z,"8km SW of Morongo Valley, CA",earthquake,0.23,0.5,0.143,17,reviewed,ci,ci
2020-12-11T09:01:13.555Z,39.7558,-119.8632,3.9,0.7,ml,3,189.48,0.191,0.0318,nn,nn00791371,2020-12-12T02:31:09.999Z,"12 km NE of Cold Springs, Nevada",earthquake,,40.3,0,1,reviewed,nn,nn
2020-12-11T08:58:57.060Z,39.3698349,-123.2610016,4.15,1.74,md,12,125,0.08154,0.05,nc,nc73496400,2020-12-11T11:14:07.903Z,"9km ESE of Willits, CA",earthquake,0.35,1.93,0.18,12,automatic,nc,nc
2020-12-11T08:56:41.060Z,38.6437,-119.5512,10.3,1.5,ml,19,89.51,0.165,0.1514,nn,nn00791233,2020-12-12T02:30:46.675Z,"3 km NW of Topaz, California",earthquake,,1.2,0.74,4,reviewed,nn,nn
2020-12-11T08:51:00.723Z,61.8393,-151.5629,78.4,1.5,ml,,,,0.49,ak,ak020fwd0h9v,2020-12-11T09:04:05.562Z,"18 km SSW of Skwentna, Alaska",earthquake,,0.6,,,automatic,ak,ak
2020-12-11T08:44:22.763Z,61.7896,-148.3823,30.3,1.1,ml,,,,0.69,ak,ak020fwcz0z8,2020-12-11T08:48:03.397Z,"4 km E of Chickaloon, Alaska",earthquake,,0.2,,,automatic,ak,ak
2020-12-11T08:42:27.670Z,18.015,-66.7403,13,2.38,md,13,144,0.1369,0.1,pr,pr2020346011,2020-12-11T09:24:34.299Z,"3 km E of Magas Arriba, Puerto Rico",earthquake,0.5,0.27,0.17,8,reviewed,pr,pr
2020-12-11T08:41:47.480Z,38.1532,-117.9062,5.7,0.8,ml,10,106.54,0.014,0.2,nn,nn00791232,2020-12-11T08:57:55.166Z,"31 km SE of Mina, Nevada",earthquake,,1.1,,,automatic,nn,nn
2020-12-11T08:41:21.070Z,38.7878342,-122.7669983,1.94,0.65,md,9,95,0.01398,0.02,nc,nc73496395,2020-12-11T08:56:04.641Z,"2km NW of The Geysers, CA",earthquake,0.37,0.86,0.09,2,automatic,nc,nc
2020-12-11T08:38:24.027Z,1.6214,126.485,10,4.5,mb,,102,1.22,0.56,us,us7000cq6w,2020-12-11T13:39:08.040Z,"135 km NW of Ternate, Indonesia",earthquake,6,1.7,0.112,23,reviewed,us,us
2020-12-11T08:32:55.420Z,38.1677,-117.8948,4.7,0.4,ml,10,107.05,0.006,0.06,nn,nn00791230,2020-12-11T08:43:14.337Z,"31 km SE of Mina, Nevada",earthquake,,6.6,,,automatic,nn,nn
2020-12-11T08:28:00.900Z,51.779,-177.523,10.1,1.5,ml,,,,0.55,ak,ak020fwcvgdy,2020-12-11T19:28:39.019Z,"62 km W of Adak, Alaska",earthquake,,1,,,reviewed,ak,ak
2020-12-11T08:19:50.263Z,64.9337,-149.1101,12.2,1.4,ml,,,,0.62,ak,ak020fwctq5w,2020-12-11T08:26:21.002Z,"26 km SSE of Minto, Alaska",earthquake,,0.6,,,automatic,ak,ak
2020-12-11T08:14:36.240Z,36.1115,-117.8646667,3.43,0.81,ml,18,134,0.009993,0.09,ci,ci39726928,2020-12-11T20:54:51.646Z,"10km NE of Coso Junction, CA",earthquake,0.16,0.25,0.051,5,reviewed,ci,ci
2020-12-11T08:11:23.222Z,38.1925,-118.3406,7.4,0.2,ml,10,281.84,0.142,0.0501,nn,nn00791369,2020-12-12T02:31:08.605Z,"29 km SW of Mina, Nevada",earthquake,,23,0,1,reviewed,nn,nn
2020-12-11T08:09:20.060Z,19.2223339080811,-155.406829833984,32.3499984741211,1.85000002,md,35,159,,0.140000001,hv,hv72275392,2020-12-11T08:12:32.670Z,"7 km ENE of Pāhala, Hawaii",earthquake,0.77,0.730000019,0.129999995,5,automatic,hv,hv
2020-12-11T08:08:30.150Z,39.3703346,-123.260498,4.28,1.69,md,11,174,0.1152,0.03,nc,nc73496390,2020-12-11T10:48:05.767Z,"9km ESE of Willits, CA",earthquake,0.4,2.07,0.05,6,automatic,nc,nc
2020-12-11T08:06:27.460Z,38.8363342,-122.7961655,1.96,0.56,md,7,91,0.004996,0.01,nc,nc73496385,2020-12-11T08:21:06.463Z,"6km WNW of Cobb, CA",earthquake,0.51,1.65,,1,automatic,nc,nc
2020-12-11T08:03:59.240Z,38.1443,-117.9632,6.6,1.1,ml,10,123.04,0.01,0.02,nn,nn00791227,2020-12-11T08:07:15.066Z,"30 km SSE of Mina, Nevada",earthquake,,0.4,,,automatic,nn,nn
2020-12-11T07:52:52.550Z,38.1623,-118.0732,0.8,1,ml,11,109.02,0.015,0.05,nn,nn00791224,2020-12-11T08:04:55.450Z,"25 km S of Mina, Nevada",earthquake,,8.7,,,automatic,nn,nn
2020-12-11T07:46:12.490Z,19.492,-155.6585,2.25,1.13,md,26,88,,0.11,hv,hv72275357,2020-12-11T22:42:10.020Z,"22 km E of Honaunau-Napoopoo, Hawaii",earthquake,0.27,0.84,0.207576861870022,13,reviewed,hv,hv
2020-12-11T07:44:47.820Z,35.8811667,-117.6963333,8.93,0.38,ml,18,75,0.07633,0.09,ci,ci39726912,2020-12-11T20:43:30.791Z,"20km ESE of Little Lake, CA",earthquake,0.16,0.41,0.125,6,reviewed,ci,ci
2020-12-11T07:44:18.710Z,34.4026667,-117.7486667,8.64,0.9,ml,14,121,0.06179,0.19,ci,ci39726904,2020-12-11T14:19:27.020Z,"10km WSW of Pinon Hills, CA",earthquake,0.51,0.8,0.27,21,reviewed,ci,ci
2020-12-11T07:42:54.240Z,38.1785,-118.0462,7.9,1.6,ml,18,77.12,0.013,0.13,nn,nn00791219,2020-12-11T07:51:36.661Z,"24 km SSE of Mina, Nevada",earthquake,,1.2,,,automatic,nn,nn
2020-12-11T07:41:15.809Z,64.1223,-150.1992,4.7,1.6,ml,,,,0.57,ak,ak020fwccxo1,2020-12-11T08:23:10.369Z,"51 km WSW of Clear, Alaska, Alaska",earthquake,,0.3,,,automatic,ak,ak
2020-12-11T07:40:41.980Z,51.861,-177.846666666667,10.42,0.35,ml,4,223,,0.07,av,av91014588,2020-12-11T22:26:34.720Z,"83 km W of Adak, Alaska",earthquake,0.66,0.96,0.40924399575558,4,reviewed,av,av
2020-12-11T07:37:09.070Z,58.3301666666667,-154.6705,6.98,-0.3,ml,4,240,,0.18,av,av91014603,2020-12-11T22:37:32.560Z,"85 km N of Karluk, Alaska",earthquake,3.33,3.66,0.292117745011176,4,reviewed,av,av
2020-12-11T07:33:52.010Z,58.8499,-138.1963,4.4,2.6,ml,,,,1.19,ak,ak020fwcbayh,2020-12-11T08:07:39.040Z,"116 km SE of Yakutat, Alaska",earthquake,,0.5,,,automatic,ak,ak
2020-12-11T07:26:25.430Z,33.469,-116.4936667,12.38,0.73,ml,40,60,0.07855,0.2,ci,ci39726896,2020-12-11T18:59:04.070Z,"19km ESE of Anza, CA",earthquake,0.23,0.45,0.099,20,reviewed,ci,ci
2020-12-11T07:26:20.020Z,19.1733341217041,-155.407333374023,35.4000015258789,1.87,md,41,174,,0.129999995,hv,hv72275342,2020-12-11T07:29:37.440Z,"8 km ESE of Pāhala, Hawaii",earthquake,0.75,0.889999986,1.65999997,6,automatic,hv,hv
2020-12-11T07:25:33.690Z,39.3708344,-123.2613297,4.14,1.69,md,14,116,0.08249,0.03,nc,nc73496380,2020-12-11T10:21:08.152Z,"9km ESE of Willits, CA",earthquake,0.25,1.48,0.15,8,automatic,nc,nc
2020-12-11T07:24:34.370Z,39.3714981,-123.2593307,4.5,3.36,ml,26,60,0.08211,0.05,nc,nc73496370,2020-12-12T01:13:17.649Z,"9km ESE of Willits, CA",earthquake,0.23,0.86,0.379,5,automatic,nc,nc
2020-12-11T07:21:49.296Z,60.3797,-151.9928,77,1.4,ml,,,,0.65,ak,ak020fwc8q0h,2020-12-11T07:32:44.212Z,"37 km WNW of Clam Gulch, Alaska",earthquake,,1,,,automatic,ak,ak
2020-12-11T07:09:03.190Z,33.5048333,-116.4875,13.74,0.61,ml,28,61,0.05485,0.14,ci,ci39726888,2020-12-11T17:56:18.873Z,"18km ESE of Anza, CA",earthquake,0.19,0.39,0.132,13,reviewed,ci,ci
2020-12-11T07:08:45.720Z,46.7948333333333,-121.961333333333,8.13,0.39,ml,17,202,0.04769,0.09,uw,uw61705076,2020-12-11T21:12:43.750Z,"6 km NE of Ashford, Washington",earthquake,0.44,0.57,0.0713670719250935,5,reviewed,uw,uw
2020-12-11T07:03:04.857Z,64.6751,-149.6471,13.3,1.6,ml,,,,0.63,ak,ak020fwc4rmc,2020-12-11T07:07:35.161Z,"26 km WNW of Four Mile Road, Alaska",earthquake,,0.3,,,automatic,ak,ak
2020-12-11T07:02:06.340Z,34.369,-119.1893333,1.24,1.74,ml,36,67,0.06585,0.32,ci,ci39726872,2020-12-11T17:55:40.331Z,"10km SSE of Ojai, CA",earthquake,0.34,0.59,0.169,54,reviewed,ci,ci
2020-12-11T07:00:53.510Z,38.7871666,-122.7685013,1.99,0.56,md,9,147,0.01509,0.01,nc,nc73496365,2020-12-11T07:08:06.624Z,"2km NW of The Geysers, CA",earthquake,0.45,0.82,,1,automatic,nc,nc
2020-12-11T06:56:55.220Z,46.789,-121.958833333333,9.26,1.43,ml,31,65,0.05319,0.13,uw,uw61705071,2020-12-11T18:36:17.770Z,"6 km ENE of Ashford, Washington",earthquake,0.23,0.44,0.170622527975451,14,reviewed,uw,uw
2020-12-11T06:56:45.230Z,33.051,-116.3888333,6.75,0.95,ml,47,76,0.04906,0.18,ci,ci39726864,2020-12-11T17:50:32.841Z,"20km E of Julian, CA",earthquake,0.2,0.49,0.245,20,reviewed,ci,ci
2020-12-11T06:56:32.710Z,38.8320007,-122.819664,1.65,0.56,md,16,51,0.0114,0.02,nc,nc73496360,2020-12-11T07:19:05.105Z,"8km NW of The Geysers, CA",earthquake,0.25,0.55,,1,automatic,nc,nc
2020-12-11T06:55:46.340Z,57.9648,-153.0176,53.8,1.7,ml,,,,0.38,ak,ak020fwbukga,2020-12-11T07:05:54.724Z,"12 km SSW of Aleneva, Alaska",earthquake,,1.2,,,automatic,ak,ak
2020-12-11T06:54:44.130Z,38.13,-118.0788,1,0.7,ml,10,167.75,0.171,0.05,nn,nn00791218,2020-12-11T07:43:54.089Z,"29 km S of Mina, Nevada",earthquake,,9.1,,,automatic,nn,nn
2020-12-11T06:49:21.610Z,19.4851666666667,-155.441833333333,0.71,1.07,md,42,83,,0.13,hv,hv72275277,2020-12-11T22:45:06.780Z,"22 km WNW of Volcano, Hawaii",earthquake,0.24,0.6,0.0973708490291667,19,reviewed,hv,hv
2020-12-11T06:34:52.240Z,19.4061660766602,-155.285003662109,1.61000001430511,1.78,ml,31,36,,0.189999998,hv,hv72275252,2020-12-11T06:40:23.730Z,"6 km SW of Volcano, Hawaii",earthquake,0.24,0.200000003,0.26,8,automatic,hv,hv
2020-12-11T06:31:20.760Z,38.1198,-118.0865,4,1.7,ml,18,79.39,0.04,0.08,nn,nn00791215,2020-12-11T06:47:35.972Z,"30 km S of Mina, Nevada",earthquake,,2.1,,,automatic,nn,nn
2020-12-11T06:30:38.030Z,44.7765,-111.0136667,4.34,0.54,md,10,142,0.01798,0.11,uu,uu60421542,2020-12-11T15:17:25.340Z,"14 km E of Hebgen Lake Estates, Montana",earthquake,0.37,0.47,0.337,7,reviewed,uu,uu
2020-12-11T06:27:32.780Z,35.9228333,-117.7108333,6.51,1.16,ml,21,58,0.05507,0.06,ci,ci39726856,2020-12-11T17:36:48.536Z,"18km E of Little Lake, CA",earthquake,0.09,0.24,0.112,10,reviewed,ci,ci
2020-12-11T06:27:29.858Z,58.2496,-153.3705,78.3,1.6,ml,,,,0.4,ak,ak020fwboj4p,2020-12-11T06:59:13.786Z,"34 km NW of Aleneva, Alaska",earthquake,,1.2,,,automatic,ak,ak
2020-12-11T06:23:57.340Z,33.5,-116.501,12.98,0.63,ml,9,99,0.1641,0.11,ci,ci39726848,2020-12-11T14:20:37.119Z,"17km ESE of Anza, CA",earthquake,0.4,1.13,0.071,16,reviewed,ci,ci
2020-12-11T06:22:41.677Z,-24.1462,-67.201,191.64,4.4,mb,,55,1.489,0.87,us,us7000cq54,2020-12-11T06:41:00.040Z,"89 km W of San Antonio de los Cobres, Argentina",earthquake,7.9,9.1,0.18,10,reviewed,us,us
2020-12-11T06:15:20.100Z,17.9876,-66.8056,14,2.17,md,11,193,0.2069,0.11,pr,pr2020346010,2020-12-11T06:55:50.743Z,"Puerto Rico region",earthquake,0.62,0.73,0.15,9,reviewed,pr,pr
2020-12-11T06:09:55.450Z,38.840332,-122.8208313,2.69,0.89,md,15,60,0.01158,0.01,nc,nc73496345,2020-12-11T06:25:04.388Z,"9km WNW of Cobb, CA",earthquake,0.34,0.66,,1,automatic,nc,nc
2020-12-11T05:57:07.590Z,40.748333,-124.461998,21.34,2.26,md,8,226,0.2885,0.03,nc,nc73496340,2020-12-11T08:58:07.650Z,"23km W of Humboldt Hill, CA",earthquake,1.03,1.46,0.08,3,automatic,nc,nc
2020-12-11T05:48:05.830Z,37.6263333,-118.9581667,6,0.58,md,18,76,0.009288,0.05,nc,nc73496335,2020-12-11T16:42:03.889Z,"2km ESE of Mammoth Lakes, CA",earthquake,0.24,0.37,0.532,15,reviewed,nc,nc
2020-12-11T05:46:02.880Z,19.4091663360596,-155.270004272461,1.03999996185303,1.71000004,md,8,158,,0.129999995,hv,hv72275187,2020-12-11T05:51:32.890Z,"5 km SW of Volcano, Hawaii",earthquake,0.32,0.49000001,0.300000012,5,automatic,hv,hv
2020-12-11T05:44:14.120Z,36.0278333,-117.8135,1.4,0.4,ml,15,55,0.03919,0.12,ci,ci39726832,2020-12-11T20:31:57.892Z,"12km E of Coso Junction, CA",earthquake,0.18,0.24,0.326,6,reviewed,ci,ci
2020-12-11T05:38:42.710Z,38.8411674,-122.8786697,2.42,0.91,md,16,92,0.004754,0.02,nc,nc73496330,2020-12-11T05:53:06.187Z,"13km ENE of Cloverdale, CA",earthquake,0.32,0.54,0.01,2,automatic,nc,nc
2020-12-11T05:31:02.790Z,19.4326666666667,-155.256,-0.56,0.63,md,17,155,,0.12,hv,hv72275157,2020-12-11T23:43:38.690Z,"2 km WSW of Volcano, Hawaii",earthquake,0.11,0.16,0.153368829775141,6,reviewed,hv,hv
2020-12-11T05:22:55.450Z,33.0631667,-116.5728333,11.93,1.49,ml,69,33,0.02732,0.18,ci,ci39726824,2020-12-11T17:31:08.300Z,"3km ESE of Julian, CA",earthquake,0.15,0.37,0.153,42,reviewed,ci,ci
2020-12-11T05:22:42.130Z,17.7786,-66.9161,6,2.45,md,16,247,0.2298,0.09,pr,pr2020346008,2020-12-11T05:47:45.684Z,"21 km S of Guánica, Puerto Rico",earthquake,0.57,0.88,0.09,7,reviewed,pr,pr
2020-12-11T05:20:04.110Z,19.4213333333333,-155.282,2.64,1.44,ml,8,101,,0.11,hv,hv72275137,2020-12-11T20:22:15.320Z,"Hawaii region, Hawaii",earthquake,0.4,0.55,0.126070562877775,4,reviewed,hv,hv
2020-12-11T05:18:53.324Z,59.486,-152.7373,97,1.8,ml,,,,0.56,ak,ak020fwb17w4,2020-12-11T06:31:00.677Z,"48 km WNW of Nanwalek, Alaska",earthquake,,0.5,,,automatic,ak,ak
2020-12-11T05:15:53.980Z,38.247,-117.8835,13.5,1.1,ml,12,139.23,0.069,0.28,nn,nn00791211,2020-12-11T06:01:34.470Z,"25 km SE of Mina, Nevada",earthquake,,6.5,,,automatic,nn,nn
2020-12-11T05:12:47.600Z,35.8815,-117.4553333,6.68,1.07,ml,24,94,0.1306,0.15,ci,ci39726816,2020-12-11T17:11:39.536Z,"14km NNW of Searles Valley, CA",earthquake,0.26,0.57,0.119,12,reviewed,ci,ci
2020-12-11T05:12:31.737Z,61.2226,-149.7207,39.4,2,ml,,,,0.53,ak,ak020fwazvxg,2020-12-11T05:21:33.162Z,"6 km SW of Elmendorf Air Force Base, Alaska",earthquake,,0.4,,,automatic,ak,ak
2020-12-11T05:11:23.800Z,19.1590003967285,-155.4443359375,30.2800006866455,1.71000004,md,33,171,,0.119999997,hv,hv72275127,2020-12-11T05:14:35.810Z,"6 km SE of Pāhala, Hawaii",earthquake,0.62,1.11000001,0.970000029,3,automatic,hv,hv
2020-12-11T05:10:17.500Z,17.948,-66.9436,12,2.32,md,15,200,0.1029,0.08,pr,pr2020346009,2020-12-11T05:51:20.532Z,"4 km SW of Guánica, Puerto Rico",earthquake,0.48,0.38,0.22,11,reviewed,pr,pr
2020-12-11T05:09:24.450Z,19.4166660308838,-155.262496948242,1.64999997615814,1.7,ml,24,81,,0.0700000003,hv,hv72275122,2020-12-11T05:14:55.040Z,"4 km SW of Volcano, Hawaii",earthquake,0.2,0.159999996,0.17,6,automatic,hv,hv
2020-12-11T05:01:59.440Z,53.87,-166.742833333333,6.19,-0.83,ml,4,114,,0.05,av,av91014583,2020-12-11T21:18:14.220Z,"13 km W of Dutch Harbor, Alaska",earthquake,0.36,0.76,0.130495302366272,4,reviewed,av,av
2020-12-11T04:58:39.152Z,34.0797,-106.8592,5,1.8,ml,,110,0.128,0.17,us,us7000cq47,2020-12-11T06:03:15.334Z,"New Mexico",earthquake,2.3,1.8,0.085,18,reviewed,us,us
2020-12-11T04:52:34.660Z,35.8803333,-117.4605,6.79,1.69,ml,32,52,0.1272,0.12,ci,ci39726800,2020-12-11T17:06:55.290Z,"14km NNW of Searles Valley, CA",earthquake,0.15,0.41,0.174,23,reviewed,ci,ci
2020-12-11T04:51:21.170Z,19.4185009002686,-155.260162353516,0.439999997615814,1.7,ml,23,109,,0.189999998,hv,hv72275102,2020-12-11T04:56:52.670Z,"3 km SW of Volcano, Hawaii",earthquake,0.2,0.180000007,0.28,8,automatic,hv,hv
2020-12-11T04:40:37.240Z,46.7425,-112.5535,9.49,1.36,ml,12,73,0.134,0.09,mb,mb80479214,2020-12-11T16:58:22.000Z,"16 km NNE of Avon, Montana",earthquake,0.34,1.2,0.116,6,reviewed,mb,mb
2020-12-11T04:33:48.800Z,38.1302,-118.08,1.2,0.9,ml,10,206.01,0.055,0.05,nn,nn00791207,2020-12-11T04:53:33.937Z,"29 km S of Mina, Nevada",earthquake,,9.3,,,automatic,nn,nn
2020-12-11T04:31:09.790Z,38.1577,-118.0717,5.7,1.6,ml,14,196.72,0.062,0.03,nn,nn00791204,2020-12-11T04:35:14.638Z,"26 km S of Mina, Nevada",earthquake,,1.5,,,automatic,nn,nn
2020-12-11T04:31:02.320Z,33.497,-116.5035,13.67,0.5,ml,25,58,0.06457,0.12,ci,ci39726784,2020-12-11T16:55:12.832Z,"17km ESE of Anza, CA",earthquake,0.19,0.39,0.082,11,reviewed,ci,ci
2020-12-11T04:29:41.430Z,58.3316666666667,-154.677,7.64,-0.34,ml,7,197,,0.2,av,av91014578,2020-12-11T21:14:11.380Z,"85 km N of Karluk, Alaska",earthquake,1.63,2.55,0.185207249595512,5,reviewed,av,av
2020-12-11T04:28:20.250Z,19.4155006408691,-155.259674072266,1.03999996185303,1.72,ml,23,100,,0.109999999,hv,hv72275077,2020-12-11T04:33:53.010Z,"4 km SW of Volcano, Hawaii",earthquake,0.18,0.159999996,0.3,6,automatic,hv,hv
2020-12-11T04:27:34.980Z,19.4063333333333,-155.302666666667,1.75,0.53,md,5,243,,0.07,hv,hv72275072,2020-12-11T06:11:34.200Z,"8 km WSW of Volcano, Hawaii",earthquake,0.57,0.6,0.0979459714803639,4,reviewed,hv,hv
2020-12-11T04:26:39.260Z,38.8406677,-122.8373337,1.63,0.58,md,19,87,0.002528,0.03,nc,nc73496310,2020-12-11T04:34:09.702Z,"10km NW of The Geysers, CA",earthquake,0.24,0.44,0.38,2,automatic,nc,nc
2020-12-11T04:21:48.760Z,33.7065,-116.8135,4.74,0.72,ml,30,78,0.08149,0.13,ci,ci39726776,2020-12-11T16:47:09.337Z,"9km ESE of Valle Vista, CA",earthquake,0.22,0.59,0.109,16,reviewed,ci,ci
2020-12-11T04:18:03.680Z,39.5023346,-121.8801651,2.68,1.83,md,6,169,0.2325,0.07,nc,nc73496305,2020-12-11T04:47:04.778Z,"17km SSW of Durham, CA",earthquake,1.14,9.56,0.17,4,automatic,nc,nc
2020-12-11T04:13:23.230Z,47.1963333333333,-122.224666666667,13.53,0.85,ml,9,218,0.1585,0.13,uw,uw61705056,2020-12-11T20:55:24.620Z,"1 km ESE of Sumner, Washington",earthquake,0.73,1.15,0.0374387956084587,3,reviewed,uw,uw
2020-12-11T04:12:09.500Z,38.1813,-118.0418,9.4,1.6,ml,18,99.38,0.029,0.12,nn,nn00791201,2020-12-11T04:32:15.868Z,"23 km SSE of Mina, Nevada",earthquake,,1,,,automatic,nn,nn
2020-12-11T04:10:14.666Z,13.8882,120.6677,160.69,4.5,mb,,142,9.472,0.47,us,us7000cq3z,2020-12-11T04:27:08.040Z,"2 km SE of Biga, Philippines",earthquake,14.3,9.3,0.078,48,reviewed,us,us
2020-12-11T04:08:32.110Z,58.3203333333333,-154.657833333333,5.52,-0.16,ml,8,204,,0.17,av,av91014573,2020-12-11T21:11:04.850Z,"84 km N of Karluk, Alaska",earthquake,0.94,2.83,0.285817369770484,6,reviewed,av,av
2020-12-11T04:06:32.440Z,19.3543333333333,-155.113833333333,4.71,1.35,md,37,141,,0.15,hv,hv72275042,2020-12-11T04:37:07.080Z,"12 km S of Fern Forest, Hawaii",earthquake,0.41,0.67,0.228088572232232,17,reviewed,hv,hv
2020-12-11T04:03:51.560Z,58.3551666666667,-154.887833333333,5.42,-0.85,ml,5,154,,0.14,av,av91014568,2020-12-11T21:07:24.140Z,"91 km NNW of Karluk, Alaska",earthquake,0.69,0.83,0.520785295847502,3,reviewed,av,av
2020-12-11T04:01:43.850Z,33.4968333,-116.5096667,12.69,1.44,ml,42,48,0.06308,0.19,ci,ci39726768,2020-12-11T14:22:35.980Z,"16km ESE of Anza, CA",earthquake,0.24,0.44,0.214,27,reviewed,ci,ci
2020-12-11T03:53:54.740Z,38.1738,-117.7998,7.1,1.6,ml,10,111.2,0.06,0.11,nn,nn00791199,2020-12-11T04:13:14.589Z,"36 km SE of Mina, Nevada",earthquake,,11.1,,,automatic,nn,nn
2020-12-11T03:52:47.820Z,37.4851667,-118.81,4.26,0.88,md,9,127,0.1058,0.03,nc,nc73496295,2020-12-11T04:25:04.646Z,"14km SW of Toms Place, CA",earthquake,0.72,2.46,0.177,8,reviewed,nc,nc
2020-12-11T03:49:41.670Z,44.4615,-115.2111667,7.44,2.28,ml,10,80,0.306,0.18,mb,mb80479209,2020-12-11T19:07:43.320Z,"34 km NW of Stanley, Idaho",earthquake,1.66,2.51,0.138,10,reviewed,mb,mb
2020-12-11T03:48:16.750Z,38.1195,-118.0842,2.7,1,ml,11,166.4,0.035,0.11,nn,nn00791196,2020-12-11T03:54:54.008Z,"30 km S of Mina, Nevada",earthquake,,10.3,,,automatic,nn,nn
2020-12-11T03:41:58.800Z,17.9651,-66.8373,10,2.27,md,16,183,0.207,0.1,pr,pr2020346007,2020-12-11T04:16:34.787Z,"3 km SSW of Indios, Puerto Rico",earthquake,0.47,0.53,0.23,9,reviewed,pr,pr
2020-12-11T03:38:38.270Z,19.4903333333333,-155.6705,3.52,0.99,md,13,118,,0.1,hv,hv72274992,2020-12-11T05:57:26.480Z,"20 km E of Honaunau-Napoopoo, Hawaii",earthquake,0.34,0.88,0.137690210301436,11,reviewed,hv,hv
2020-12-11T03:32:58.369Z,38.1669,-118.0733,7.3,2.4,ml,28,76.38,0.018,0.1513,nn,nn00791192,2020-12-12T02:30:44.278Z,"25 km S of Mina, Nevada",earthquake,,0.9,0.24,14,reviewed,nn,nn
